strain,—Ù–‘ ˝¡ø,DRUG,AR4001,AR4072,AR4092,AR4120,AR4134,AR4146,AR4243,AR4305,AR4328,AR6094,AR6166,,,,,,,,,,,,,,
group_2232,8,CIP,1,1,0,1,0,1,0,1,1,1,1,,,,AR4001,AR4072,AR4092,AR4120,AR4134,AR4146,AR4243,AR4305,AR4328,AR6094,AR6166
group_1070,7,CIP,1,1,0,1,0,1,0,1,0,1,1,,CIP,18,10,11,4,2,4,2,4,5,10,11,10
group_2106,4,CIP,0,0,1,0,1,0,1,1,0,0,0,,CLI,3,2,2,2,0,2,0,0,2,2,2,2
tnpC_1,5,CIP,1,1,0,0,0,0,0,0,1,1,1,,ERY,4,2,2,2,0,2,2,1,4,2,2,2
group_1108,5,CIP,1,1,0,0,0,0,0,0,1,1,1,,FOS,2,0,1,2,0,1,0,0,0,1,1,0
group_847,5,CIP,1,1,0,0,0,0,0,0,1,1,1,,GEN,3,0,3,1,0,1,0,0,2,3,3,0
group_409,5,CIP,1,1,0,0,0,0,0,0,1,1,1,,RIF,1,1,1,1,1,1,1,1,1,1,1,1
blaR1,5,CIP,1,1,0,0,0,0,0,0,1,1,1,,SMZ,4,0,1,4,0,4,3,1,3,1,1,0
arsC_1,3,CIP,0,0,1,0,1,0,1,0,0,0,0,,TEC,18,7,7,11,7,11,7,3,7,7,7,7
group_954,3,CIP,1,0,0,0,0,0,0,1,0,0,1,,TET,9,0,0,4,0,4,0,0,0,0,0,0
group_1265,3,CIP,0,1,0,0,0,0,0,0,1,1,0,,,,,,,,,,,,,,
group_1275,3,CIP,0,0,1,0,1,0,1,0,0,0,0,,,,,,,,,,,,,,
group_2264,3,CIP,0,1,0,0,0,0,0,0,1,1,0,,,,,,,,,,,,,,
group_2746,0,CIP,0,0,0,0,0,0,0,0,0,0,0,,,,,,,,,,,,,,
group_3152,0,CIP,0,0,0,0,0,0,0,0,0,0,0,,,,,,,,,,,,,,
blaZ_2~~~blaZ,4,CIP,0,0,1,0,1,0,1,1,0,0,0,,,,,,,,,,,,,,
tnpB~~~tnpB_1,5,CIP,1,1,0,0,0,0,0,0,1,1,1,,,,,,,,,,,,,,
blaZ~~~blaZ_1,5,CIP,1,1,0,0,0,0,0,0,1,1,1,,,,,,,,,,,,,,
expZ~~~vgaA~~~vgaA_1,0,CLI,0,0,0,0,0,0,0,0,0,0,0,,,,,,,,,,,,,,
group_4655,8,CLI/ERY,1,1,1,0,1,0,0,1,1,1,1,,,,,,,,,,,,,,
group_4656,8,CLI/ERY,1,1,1,0,1,0,0,1,1,1,1,,,,,,,,,,,,,,
msrA,3,ERY,0,0,0,0,0,1,1,1,0,0,0,,,,,,,,,,,,,,
group_44,2,ERY,0,0,0,0,0,1,0,1,0,0,0,,,,,,,,,,,,,,
fosB_2,1,FOS,0,0,1,0,0,0,0,0,0,0,0,,,,,,,,,,,,,,
group_863,5,FOS/GEN,0,1,1,0,1,0,0,0,1,1,0,,,,,,,,,,,,,,
group_386,4,GEN,0,1,0,0,0,0,0,1,1,1,0,,,,,,,,,,,,,,
group_3955,4,GEN,0,1,0,0,0,0,0,1,1,1,0,,,,,,,,,,,,,,
group_1437,11,RIF,1,1,1,1,1,1,1,1,1,1,1,,,,,,,,,,,,,,
group_1506,6,SMZ,0,1,1,0,1,0,1,0,1,1,0,,,,,,,,,,,,,,
dfrA,4,SMZ,0,0,1,0,1,1,0,1,0,0,0,,,,,,,,,,,,,,
group_184,4,SMZ,0,0,1,0,1,1,0,1,0,0,0,,,,,,,,,,,,,,
group_3356,4,SMZ,0,0,1,0,1,1,0,1,0,0,0,,,,,,,,,,,,,,
group_767,9,TEC,1,1,0,1,0,1,1,1,1,1,1,,,,,,,,,,,,,,
group_938,8,TEC,1,1,0,1,0,1,0,1,1,1,1,,,,,,,,,,,,,,
opp3F,8,TEC,1,1,0,1,0,1,0,1,1,1,1,,,,,,,,,,,,,,
oppB,8,TEC,1,1,0,1,0,1,0,1,1,1,1,,,,,,,,,,,,,,
group_1144,3,TEC,0,0,1,0,1,0,1,0,0,0,0,,,,,,,,,,,,,,
group_2753,3,TEC,0,0,1,0,1,0,1,0,0,0,0,,,,,,,,,,,,,,
group_782,2,TEC,0,0,1,0,1,0,0,0,0,0,0,,,,,,,,,,,,,,
group_3533,2,TEC,0,0,1,0,1,0,0,0,0,0,0,,,,,,,,,,,,,,
group_3767,2,TEC,0,0,1,0,1,0,0,0,0,0,0,,,,,,,,,,,,,,
group_3909,2,TEC,0,0,1,0,1,0,0,0,0,0,0,,,,,,,,,,,,,,
group_3493,2,TEC,0,0,1,0,1,0,0,0,0,0,0,,,,,,,,,,,,,,
group_3568,2,TEC,0,0,1,0,1,0,0,0,0,0,0,,,,,,,,,,,,,,
group_2953,2,TEC,0,0,1,0,1,0,0,0,0,0,0,,,,,,,,,,,,,,
group_3639,2,TEC,0,0,1,0,1,0,0,0,0,0,0,,,,,,,,,,,,,,
oppC~~~opp3C,8,TEC,1,1,0,1,0,1,0,1,1,1,1,,,,,,,,,,,,,,
opp3A~~~opp3A_1~~~opp3A_2~~~oppA,8,TEC,1,1,0,1,0,1,0,1,1,1,1,,,,,,,,,,,,,,
oppD_2~~~oppD_1~~~oppD,8,TEC,1,1,0,1,0,1,0,1,1,1,1,,,,,,,,,,,,,,
fmhA_2~~~fmhA_3,2,TEC,0,0,1,0,1,0,0,0,0,0,0,,,,,,,,,,,,,,
group_1737,2,TET,0,0,1,0,1,0,0,0,0,0,0,,,,,,,,,,,,,,
group_1819,2,TET,0,0,1,0,1,0,0,0,0,0,0,,,,,,,,,,,,,,
group_194,0,TET,0,0,0,0,0,0,0,0,0,0,0,,,,,,,,,,,,,,
group_2434,0,TET,0,0,0,0,0,0,0,0,0,0,0,,,,,,,,,,,,,,
group_487,0,TET,0,0,0,0,0,0,0,0,0,0,0,,,,,,,,,,,,,,
group_3043,0,TET,0,0,0,0,0,0,0,0,0,0,0,,,,,,,,,,,,,,
group_3707,0,TET,0,0,0,0,0,0,0,0,0,0,0,,,,,,,,,,,,,,
tetK~~~mdtD,2,TET,0,0,1,0,1,0,0,0,0,0,0,,,,,,,,,,,,,,
repN_1~~~repN_2~~~repN,2,TET,0,0,1,0,1,0,0,0,0,0,0,,,,,,,,,,,,,,
