strain,OXA-RS,CIP-RS,LEV-RS,MXF-RS,GEN-RS,TET-RS,ERY-RS,SMZ-RS,CLI-RS,FOS-RS,VAN-RS,LNZ-RS,TEC-RS,DAP-RS,RIF-RS
AR3992,R,R,R,I,S,S,R,R,R,S,S,S,S,S,S
AR3993,R,R,R,I,S,S,R,S,R,S,S,S,S,S,S
AR3994,R,S,S,S,S,S,S,S,S,S,S,S,S,S,S
AR3995,R,R,R,I,S,S,S,S,S,S,S,S,S,S,S
AR3996,R,S,S,S,S,S,R,S,S,S,S,S,S,S,S
AR3997,R,R,R,I,S,S,S,S,S,S,S,S,S,S,S
AR3998,S,f,S,S,S,S,S,S,S,S,S,S,I,S,S
AR4000,R,S,S,S,S,R,R,S,S,S,S,S,S,S,S
AR4001,R,R,R,R,S,S,R,S,R,S,S,S,S,S,S
AR4002,R,R,R,R,R,S,R,R,R,R,S,S,S,S,R
AR4004,S,S,S,S,S,S,R,S,S,S,S,S,S,S,S
AR4005,R,R,R,R,R,R,R,S,S,S,S,S,I,S,S
AR4006,R,S,S,S,R,S,R,R,S,S,S,S,S,S,S
AR4007,R,R,R,R,R,R,R,S,S,S,S,S,S,S,S
AR4008,R,S,S,S,I,S,R,S,S,S,S,S,S,S,S
AR4009,R,S,S,S,R,S,R,S,S,S,S,S,S,S,S
AR4010,R,R,R,I,R,S,R,S,S,R,S,S,S,S,S
AR4011,R,S,S,S,S,S,R,S,R,S,S,S,S,S,S
AR4012,R,R,R,I,S,S,R,R,R,S,S,S,S,S,S
AR4013,R,R,R,R,R,R,R,R,S,S,S,S,S,S,S
AR4014,R,S,S,S,R,S,R,S,S,S,S,S,S,S,S
AR4016,R,R,R,R,R,S,R,R,R,S,S,S,S,S,R
AR4017,R,R,R,I,S,S,R,R,S,S,S,S,S,S,S
AR4019,S,S,S,S,S,S,S,S,S,S,S,S,S,S,S
AR4020,R,S,S,S,S,R,R,S,R,R,S,S,S,S,S
AR4021,R,S,S,S,R,S,S,R,S,S,S,S,S,S,S
AR4022,R,R,I,I,S,S,R,R,S,S,S,S,S,S,S
AR4023,R,R,R,R,S,S,R,S,S,S,S,S,S,S,S
AR4024,R,I,S,S,S,R,R,R,S,S,S,S,S,S,S
AR4025,S,S,S,S,S,S,R,S,S,S,S,S,S,S,S
AR4026,S,S,S,S,S,S,R,S,R,S,S,S,S,S,S
AR4027,R,S,S,S,S,S,R,R,S,S,S,S,S,S,S
AR4028,R,R,R,R,S,S,R,S,S,S,S,S,S,S,S
AR4029,R,S,S,S,R,S,S,S,S,S,S,S,S,S,S
AR4030,R,R,R,R,R,S,R,R,S,S,S,S,S,S,S
AR4031,S,I,S,S,S,S,R,R,S,S,S,S,S,S,S
AR4032,R,R,R,R,S,S,R,R,R,S,S,S,S,S,S
AR4035,R,R,R,R,R,S,S,R,S,S,S,S,S,S,S
AR4036,R,I,S,S,S,S,R,R,S,S,S,S,S,S,S
AR4037,R,R,R,I,S,S,R,R,S,S,S,S,S,S,S
AR4038,R,R,R,I,S,S,R,S,S,S,S,S,S,S,S
AR4039,S,S,S,S,S,S,R,S,S,S,S,S,S,S,S
AR4040,R,R,R,I,S,S,R,S,I,S,S,S,S,S,S
AR4041,R,R,I,S,S,S,S,S,S,S,S,S,S,S,S
AR4042,R,R,R,R,R,S,S,R,S,S,S,S,S,S,S
AR4043,R,R,I,I,S,S,S,S,S,S,S,S,S,S,S
AR4044,R,R,R,R,S,S,R,S,S,S,S,S,S,S,S
AR4045,S,S,S,S,R,S,R,S,S,S,S,S,S,S,S
AR4046,R,R,R,R,S,S,R,S,S,S,S,S,S,S,S
AR4047,R,R,R,I,S,S,R,R,S,S,S,S,S,S,S
AR4048,S,S,S,S,S,S,R,S,S,S,S,S,S,S,S
AR4050,R,S,S,S,S,S,R,S,S,S,S,S,S,S,S
AR4054,R,R,R,I,S,S,R,R,S,S,S,S,S,S,S
AR4055,R,S,S,S,S,S,S,S,S,S,S,S,S,S,S
AR4056,R,I,S,S,S,R,R,R,S,S,S,S,S,S,S
AR4057,R,R,R,I,S,R,R,S,S,S,S,S,S,S,S
AR4058,S,R,R,I,S,S,R,R,S,S,S,S,S,S,S
AR4059,R,R,R,I,R,S,R,R,R,S,S,S,S,S,S
AR4064,R,R,R,R,R,S,R,S,S,S,S,S,S,S,S
AR4065,R,S,S,S,S,S,R,S,S,S,S,S,S,S,S
AR4066,R,R,I,I,S,S,R,R,S,S,S,S,S,S,S
AR4067,R,S,S,S,S,S,I,S,S,S,S,S,S,S,S
AR4069,R,S,S,S,S,S,R,S,S,S,S,S,S,S,S
AR4070,S,S,S,S,S,S,R,S,S,S,S,S,S,S,S
AR4071,R,S,S,S,S,S,I,R,S,S,S,S,S,S,S
AR4072,R,R,R,R,R,S,R,R,R,R,S,S,S,S,R
AR4073,R,S,S,S,S,S,R,S,S,S,S,S,S,S,S
AR4075,S,S,S,S,S,S,R,S,S,S,S,S,S,S,S
AR4076,S,S,S,S,S,S,R,S,S,S,S,S,S,S,S
AR4077,R,S,S,S,S,S,I,S,S,S,S,S,S,S,S
AR4078,R,R,R,I,R,R,R,S,R,S,S,S,S,S,S
AR4079,R,R,R,R,S,S,R,S,R,S,S,S,S,S,S
AR4080,R,S,S,S,S,R,R,S,S,S,S,S,S,S,S
AR4081,R,S,S,S,R,S,R,S,R,S,S,S,S,S,S
AR4082,R,S,S,S,S,S,R,R,S,S,S,S,S,S,S
AR4083,R,R,R,R,R,S,I,R,S,S,S,S,S,S,S
AR4084,R,S,S,S,R,S,R,S,S,S,S,S,S,S,S
AR4085,R,S,S,S,S,S,I,S,S,S,S,S,S,S,S
AR4086,R,S,S,S,S,S,I,S,S,S,S,S,S,S,S
AR4087,R,S,S,S,S,S,I,S,S,S,S,S,S,S,S
AR4088,R,I,S,S,R,S,I,S,S,S,S,S,S,S,S
AR4089,R,R,R,R,R,S,R,R,R,S,S,S,S,S,R
AR4090,R,S,S,S,S,S,I,R,S,S,S,S,S,S,S
AR4091,S,S,S,S,S,S,R,S,S,S,S,S,S,S,S
AR4092,R,S,S,S,S,R,R,S,R,R,S,S,R,S,S
AR4093,R,R,R,R,S,S,R,R,R,S,S,S,S,S,S
AR4094,S,S,S,S,S,S,S,S,S,S,S,S,S,S,S
AR4096,S,R,R,I,R,S,R,R,S,S,S,S,S,S,S
AR4097,R,R,R,R,R,R,R,R,S,S,S,S,S,S,S
AR4098,R,R,R,R,S,S,R,S,S,S,S,S,S,S,S
AR4099,R,R,R,I,S,S,R,S,S,S,S,S,S,S,S
AR4100,R,S,S,S,S,S,R,R,S,S,S,S,S,S,S
AR4101,R,R,R,I,S,S,I,S,S,S,S,S,S,S,S
AR4102,R,S,S,S,S,R,R,S,S,S,S,S,S,S,S
AR4103,R,R,R,R,R,S,R,R,S,S,S,S,S,S,S
AR4104,R,R,R,R,S,S,R,S,S,S,S,S,S,S,S
AR4105-S,R,R,R,R,R,S,R,R,R,S,S,S,S,S,R
AR4106,R,S,S,S,S,S,R,S,S,S,S,S,S,S,S
AR4107,R,R,R,I,R,S,S,R,S,S,S,S,S,S,S
AR4108,R,R,R,R,R,S,S,R,S,S,S,S,S,S,R
AR4109,R,S,S,S,R,S,I,R,S,S,S,S,S,S,S
AR4110,R,R,R,I,S,S,R,S,S,S,S,S,S,S,S
AR4111,R,R,R,I,S,S,R,R,S,S,S,S,S,S,S
AR4112,R,S,S,S,S,S,R,S,S,S,S,S,S,S,S
AR4113,S,S,S,S,S,S,R,S,S,S,S,S,S,S,S
AR4114,R,R,R,R,R,S,S,S,S,S,S,S,S,S,S
AR4115,R,S,S,S,S,R,S,S,S,S,S,S,S,S,S
AR4116,S,R,R,R,S,S,R,S,S,S,S,S,S,S,S
AR4117,R,R,R,I,S,R,R,S,S,S,S,S,S,S,S
AR4118,R,S,S,S,S,S,I,S,S,S,S,S,S,S,S
AR4119,R,S,S,S,R,S,R,R,R,S,S,S,S,S,S
AR4120,R,I,R,I,S,S,S,S,S,S,S,S,S,S,S
AR4122,R,R,R,I,R,S,I,S,R,S,S,S,S,S,S
AR4124,R,R,R,I,R,S,I,S,S,R,S,S,I,S,S
AR4125,R,R,R,S,S,S,R,R,R,S,S,S,S,S,S
AR4126,R,S,S,S,S,S,I,S,S,S,S,S,S,S,S
AR4127,R,S,S,S,S,R,I,S,S,S,S,S,I,S,S
AR4128,S,R,R,R,S,S,I,S,S,S,S,S,S,S,S
AR4129,R,R,R,R,S,S,I,S,S,S,S,S,S,S,S
AR4130,R,R,R,I,S,R,R,S,S,S,S,S,S,S,S
AR4131,R,R,R,I,R,S,R,S,R,S,S,S,S,S,S
AR4132,R,R,R,R,R,S,I,S,S,S,S,S,S,S,S
AR4133,R,R,R,R,R,R,R,S,S,S,S,S,S,S,S
AR4134,R,S,S,S,S,R,R,S,R,R,S,S,R,S,S
AR4137,R,R,R,I,S,S,I,S,S,S,S,S,S,S,S
AR4138,R,S,S,S,S,R,R,R,S,S,S,S,S,S,S
AR4139,R,I,R,S,R,S,R,S,S,S,S,S,S,S,S
AR4140,R,R,R,I,S,S,R,S,S,S,S,S,S,S,S
AR4141,R,S,S,S,S,S,R,S,S,S,S,S,S,S,S
AR4143,R,R,R,R,S,S,R,S,S,S,S,S,S,S,S
AR4144,R,S,S,S,S,S,R,S,S,S,S,S,S,S,S
AR4145,R,S,S,S,S,R,R,S,S,S,S,S,S,S,S
AR4146,R,S,S,S,S,S,I,R,S,S,S,S,S,S,R
AR4147,R,S,S,S,S,S,R,S,S,S,S,S,I,S,S
AR4148,R,R,R,R,S,S,R,S,S,S,S,S,S,S,S
AR4150,R,R,R,R,R,S,R,S,S,S,S,S,S,S,S
AR4151,R,R,R,I,S,S,R,S,R,S,S,S,S,S,S
AR4152,R,R,R,R,S,S,R,S,R,S,S,S,S,S,S
AR4154,R,R,R,I,S,R,R,R,S,S,S,S,S,S,S
AR4155,R,R,R,I,S,R,I,S,S,S,S,S,S,S,S
AR4156,S,R,R,R,S,S,R,S,R,S,S,S,S,S,S
AR4157,R,I,R,I,R,S,R,S,S,S,S,S,S,S,S
AR4158,R,S,R,S,S,S,R,S,S,S,S,S,I,S,S
AR4159,S,R,R,R,R,S,R,R,R,S,S,S,S,S,S
AR4160,S,S,S,S,S,S,R,S,S,S,S,S,S,S,S
AR4161,S,R,R,R,S,S,I,S,S,S,S,S,S,S,S
AR4163,R,R,R,R,R,S,R,R,R,R,S,S,S,S,S
AR4164,R,R,R,S,S,R,R,S,S,S,S,S,S,S,S
AR4165,R,S,S,S,S,S,I,S,S,S,S,S,S,S,S
AR4167,R,R,R,R,S,S,R,S,I,S,S,S,S,S,S
AR4168,R,R,R,S,S,S,R,S,S,S,S,S,S,S,S
AR4169,S,S,R,S,S,S,I,S,S,S,S,S,S,S,S
AR4170,R,R,R,R,R,S,R,R,S,S,S,S,S,S,S
AR4171,R,R,R,S,R,R,R,S,S,S,S,S,S,S,S
AR4172,S,S,R,S,S,S,R,S,S,S,S,S,S,S,S
AR4173,R,S,R,S,S,R,R,S,S,S,S,S,S,S,S
AR4175,S,S,S,S,S,S,I,S,S,S,S,S,S,S,S
AR4176,R,S,R,S,S,S,I,S,S,S,S,S,S,S,S
AR4177,R,R,R,R,S,S,I,S,S,S,S,S,S,S,S
AR4178,R,S,R,S,R,S,R,S,R,S,S,S,S,S,R
AR4180,S,S,S,S,S,S,S,S,S,S,S,S,S,S,S
AR4181,R,R,R,I,S,S,S,S,S,S,S,S,S,S,S
AR4182,R,R,R,I,S,S,R,R,S,S,S,S,S,S,S
AR4183,R,R,R,I,S,S,R,R,S,S,S,S,S,S,S
AR4185,R,R,R,I,R,S,R,R,R,S,S,S,S,S,S
AR4186,R,S,R,I,R,R,R,R,S,R,S,S,S,S,S
AR4187,R,S,S,S,R,S,R,S,S,S,S,S,S,S,S
AR4188,S,S,S,S,S,S,R,S,S,S,S,S,S,S,S
AR4189,R,R,R,R,S,S,S,R,S,R,S,S,S,S,S
AR4190,R,R,R,R,S,S,R,S,R,S,S,S,S,S,S
AR4191,R,S,S,S,S,S,S,S,I,S,S,S,S,S,S
AR4192,R,R,R,I,R,S,R,R,S,S,S,S,S,S,S
AR4193,S,S,S,S,S,S,R,S,S,S,S,S,S,S,S
AR4194,S,S,S,S,S,S,R,R,S,S,S,S,S,S,S
AR4195,R,R,R,R,R,S,R,S,R,S,S,S,S,S,S
AR4197,R,S,S,S,S,S,S,S,S,S,S,S,S,S,S
AR4198,R,R,R,R,S,S,R,S,S,S,S,S,S,S,S
AR4199,R,R,R,R,S,S,S,S,S,S,S,S,S,S,S
AR4200,R,S,S,S,S,S,S,S,S,S,S,S,S,S,S
AR4201,R,R,S,S,S,R,R,R,S,S,S,S,S,S,S
AR4202,R,S,S,S,S,R,I,R,S,S,S,S,S,S,S
AR4204,R,R,R,R,S,S,R,S,S,S,S,S,S,S,S
AR4205,R,R,R,R,S,S,R,S,R,S,S,S,S,S,S
AR4206,R,R,R,R,R,S,R,R,R,S,S,S,S,S,R
AR4207,R,R,R,R,R,R,R,R,S,R,S,S,S,S,S
AR4208,S,S,S,S,S,S,R,S,S,S,S,S,S,S,S
AR4209,S,R,I,R,S,S,S,S,S,S,S,S,S,S,S
AR4210,R,R,R,R,S,S,S,S,S,S,S,S,S,S,S
AR4211,S,S,S,S,S,S,S,S,S,S,S,S,S,S,S
AR4212,R,S,S,S,S,S,R,R,S,S,S,S,S,S,S
AR4213,S,S,S,S,S,S,R,S,S,S,S,S,S,S,S
AR4214,R,R,R,R,R,R,R,R,R,R,S,S,S,S,S
AR4215,R,R,R,I,S,S,R,R,S,S,S,S,S,S,S
AR4217,R,S,S,S,S,S,I,R,S,S,S,S,S,S,S
AR4218,R,R,R,R,R,S,S,R,S,R,S,S,S,S,R
AR4219,R,S,S,S,S,S,R,S,S,S,S,S,S,S,S
AR4220,R,R,R,R,R,R,R,S,S,S,S,S,S,S,I
AR4221,S,S,S,S,S,S,R,S,S,S,S,S,S,S,S
AR4222,S,S,S,S,S,S,S,S,S,S,S,S,S,S,S
AR4223,R,R,R,I,S,S,R,S,S,S,S,S,S,S,S
AR4224,R,S,S,S,S,S,S,S,S,S,S,S,S,S,S
AR4226,R,S,S,S,S,R,S,S,S,S,S,S,S,S,S
AR4227,R,R,R,R,R,R,R,R,R,S,S,S,I,S,S
AR4228,R,I,I,S,S,S,S,S,S,S,S,S,S,S,S
AR4229,R,R,R,R,S,S,R,S,S,S,S,S,S,S,S
AR4230,R,R,R,I,S,S,R,R,S,S,S,S,S,S,S
AR4232,R,R,R,R,R,S,R,R,S,S,S,S,S,S,S
AR4235,S,R,R,I,S,S,R,R,S,S,S,S,S,S,S
AR4236,R,S,S,S,S,S,S,R,S,S,S,S,I,S,S
AR4237,R,R,R,R,S,S,R,R,S,S,S,S,S,S,S
AR4238,R,R,R,R,S,S,R,S,R,S,S,S,I,S,S
AR4239,R,S,S,S,S,R,R,R,R,S,S,S,S,S,S
AR4240,R,R,R,I,S,S,R,S,S,S,S,S,S,S,S
AR4241,R,R,R,I,S,S,I,R,S,S,S,S,S,S,S
AR4242,S,S,S,S,S,S,R,R,S,S,S,S,S,S,S
AR4243,R,S,S,S,S,S,R,R,S,S,S,S,R,S,S
AR4244,R,R,R,I,R,S,R,R,S,S,S,S,S,S,S
AR4245,S,S,S,S,S,S,R,S,S,S,S,S,S,S,S
AR4246,R,R,R,I,R,S,R,R,S,S,S,S,S,S,S
AR4247,R,S,S,S,R,R,R,S,S,S,S,S,S,S,S
AR4248,R,R,R,I,R,S,R,S,S,S,S,S,S,S,S
AR4249,R,R,R,R,R,S,R,S,S,S,S,S,S,S,S
AR4250,R,S,R,I,S,S,R,S,S,S,S,S,S,S,S
AR4251,S,S,S,S,S,S,R,S,S,S,S,S,S,S,S
AR4252,S,S,S,S,S,S,I,S,S,S,S,S,S,S,S
AR4253,S,S,S,S,S,S,R,R,S,S,S,S,S,S,S
AR4254,R,S,S,S,S,R,R,S,S,S,S,S,S,S,S
AR4255,S,R,R,I,S,S,R,R,S,S,S,S,S,S,S
AR4256,R,R,R,I,S,S,I,S,S,S,S,S,S,S,S
AR4258,R,R,R,R,S,S,I,R,S,S,S,S,S,S,S
AR4259,R,R,R,I,S,S,R,S,S,S,S,S,S,S,S
AR4260,R,R,R,R,R,S,R,S,S,S,S,S,S,S,S
AR4261,R,R,R,R,R,S,R,R,S,S,S,S,S,S,S
AR4265,R,R,R,I,S,S,R,R,S,S,S,S,S,S,S
AR4266,R,R,R,R,S,S,I,S,S,S,S,S,S,S,S
AR4268,R,I,S,I,S,R,R,R,S,S,S,S,S,S,S
AR4269,R,I,S,I,S,S,R,R,S,S,S,S,S,S,S
AR4270,R,R,R,R,S,S,R,S,S,S,S,S,S,S,S
AR4271,R,R,R,R,R,S,I,S,S,S,S,S,S,S,S
AR4272,R,R,R,I,S,S,R,R,R,S,S,S,S,S,S
AR4273,R,R,R,R,S,S,R,S,S,S,S,S,S,S,S
AR4274,S,S,S,S,S,S,I,S,S,S,S,S,S,S,S
AR4275,R,R,R,I,S,S,I,S,S,S,S,S,S,S,S
AR4276,S,S,S,S,S,S,R,S,S,S,S,S,S,S,S
AR4277,S,S,S,S,S,S,R,S,S,S,S,S,S,S,S
AR4278,R,R,R,I,R,S,I,R,S,S,S,S,S,S,S
AR4279,R,S,S,S,R,R,R,S,S,S,S,S,I,S,S
AR4280,R,R,R,R,S,S,R,S,R,S,S,S,S,S,S
AR4281,S,S,S,S,S,S,R,S,S,S,S,S,S,S,S
AR4282,R,S,S,S,S,R,R,S,R,S,S,S,S,S,S
AR4283,R,S,S,S,S,S,I,S,S,S,S,S,S,S,S
AR4285,R,I,S,I,S,S,I,S,S,S,S,S,S,S,S
AR4286,R,R,R,I,S,S,I,R,S,S,S,S,S,S,S
AR4287,R,S,S,S,S,R,R,S,S,S,S,S,S,S,S
AR4288,R,S,S,S,R,S,R,S,S,S,S,S,S,S,S
AR4289,S,S,S,S,S,S,I,S,S,S,S,S,S,S,S
AR4290,R,R,R,I,R,S,R,S,S,R,S,S,I,S,S
AR4291,S,R,R,I,S,S,I,R,S,S,S,S,S,S,S
AR4292,R,R,R,I,S,S,R,S,S,S,S,S,S,S,S
AR4293,S,S,S,S,S,S,I,S,S,S,S,S,S,S,S
AR4294,S,R,R,R,S,S,R,R,R,S,S,S,S,S,S
AR4296,R,S,S,S,S,S,R,S,R,S,S,S,S,S,S
AR4297,R,R,R,I,S,S,R,R,S,S,S,S,S,S,S
AR4298,R,R,R,R,R,R,R,S,S,S,S,S,S,S,S
AR4299,R,S,S,S,S,S,I,S,S,S,S,S,S,S,S
AR4300,R,R,R,I,S,S,I,R,S,S,S,S,S,S,S
AR4301,R,S,I,S,S,R,R,R,S,S,S,S,S,S,S
AR4302,R,R,R,I,R,S,R,R,S,S,S,S,S,S,S
AR4303,S,S,S,S,S,S,I,S,S,S,S,S,S,S,S
AR4304,R,R,R,I,S,S,R,S,S,S,S,S,S,S,S
AR4305,R,R,R,I,R,S,R,R,R,S,S,S,S,S,S
AR4306,S,S,S,S,S,S,I,S,S,S,S,S,S,S,S
AR4307,R,R,R,I,S,S,I,R,S,R,S,S,S,S,S
AR4308,R,S,S,S,S,R,R,R,S,S,S,S,S,S,S
AR4309,R,S,R,S,S,S,R,S,S,R,S,S,S,S,S
AR4311,R,R,R,I,S,S,R,R,R,S,S,S,S,S,S
AR4312,S,S,S,S,S,S,R,R,S,S,S,S,S,S,S
AR4313,R,I,R,S,S,S,R,R,S,S,S,S,S,S,S
AR4314,R,R,R,R,S,S,R,S,S,S,S,S,S,S,S
AR4315,S,S,R,S,S,S,S,S,S,S,S,S,S,S,S
AR4317,R,R,R,I,R,S,R,R,R,S,S,S,S,S,S
AR4318,R,S,S,S,S,S,R,R,R,S,S,S,S,S,S
AR4320,S,S,S,S,S,S,R,R,S,S,S,S,S,S,S
AR4323,R,S,S,S,S,S,I,R,S,S,S,S,S,S,S
AR4324,S,S,S,S,S,S,R,R,S,S,S,S,I,S,S
AR4325,R,S,S,S,S,S,I,R,S,S,S,S,S,S,S
AR4326,R,R,R,R,R,S,R,R,R,R,S,S,S,S,R
AR4327,R,S,S,S,R,S,I,R,R,S,S,S,S,S,S
AR4328,R,R,R,I,R,S,R,R,R,S,S,S,S,S,R
AR4329,S,S,S,S,S,S,I,S,S,S,S,S,I,S,S
AR4331,S,R,R,I,R,R,I,R,S,S,S,S,S,S,S
AR4332,R,R,R,I,S,R,R,R,S,S,S,S,S,S,S
AR4333,R,S,S,S,R,R,R,S,S,S,S,S,S,S,S
AR4334,S,S,S,S,S,S,I,S,S,S,S,S,S,S,S
AR4335,S,S,S,S,S,S,R,S,I,S,S,S,S,S,S
AR4336,R,S,S,S,S,R,I,R,S,S,S,S,S,S,S
AR4337,R,R,R,R,R,S,R,R,R,R,S,S,S,S,R
AR4338,R,R,R,R,S,S,R,R,S,S,S,S,S,S,S
AR4339,R,R,R,R,R,S,R,R,R,S,S,S,S,S,S
AR6051,R,S,S,S,R,S,R,R,S,S,S,S,I,S,S
AR6052,R,R,R,I,S,S,R,R,R,R,S,S,S,S,S
AR6053,R,S,S,S,R,S,R,R,R,R,S,S,S,S,S
AR6054,R,S,S,S,R,S,R,S,S,S,S,S,S,S,S
AR6055,R,S,S,S,R,S,R,R,S,S,S,S,S,S,S
AR6056,R,S,S,S,S,S,R,R,S,S,S,S,I,S,S
AR6057,R,S,S,S,S,S,S,R,S,S,S,S,S,S,S
AR6058,R,S,S,S,S,S,R,S,R,S,S,S,S,S,S
AR6059,R,R,R,I,R,R,R,R,S,S,S,S,S,S,S
AR6060,R,S,S,S,S,S,R,R,S,S,S,S,S,S,S
AR6061,R,S,S,S,R,R,R,R,R,S,S,S,S,S,S
AR6062,S,S,S,S,S,R,R,R,S,S,S,S,S,S,S
AR6063,S,S,S,S,S,S,R,S,S,S,S,S,I,S,S
AR6064,R,S,S,S,S,S,R,S,S,S,S,S,S,S,S
AR6065,S,S,S,S,S,S,R,S,S,S,S,S,S,S,S
AR6066,R,S,S,S,S,S,R,R,S,R,S,S,S,S,S
AR6067,R,S,S,S,R,S,R,R,R,S,S,S,S,S,S
AR6068,R,S,S,S,S,R,R,R,S,S,S,S,S,S,S
AR6069,R,S,S,S,R,R,R,R,R,R,S,S,S,S,S
AR6070,R,S,S,S,R,I,R,R,S,S,S,S,I,S,S
AR6071,R,S,S,S,S,S,R,S,S,S,S,S,S,S,S
AR6072,S,S,S,S,S,S,R,R,S,S,S,S,S,S,S
AR6073,R,S,S,S,R,S,R,R,R,R,S,S,S,S,S
AR6074,S,S,S,S,S,S,S,S,S,S,S,S,S,S,S
AR6075,R,S,S,S,S,S,R,R,R,S,S,S,S,S,S
AR6076,R,S,S,S,S,S,S,R,S,S,S,S,S,S,S
AR6077,R,S,S,S,R,R,R,R,S,S,S,S,S,S,S
AR6078,R,S,S,S,S,S,S,S,S,S,S,S,S,S,S
AR6079,S,R,R,I,S,S,R,S,S,S,S,S,S,S,S
AR6080,R,S,S,S,S,S,S,S,S,S,S,S,S,S,S
AR6081,R,S,S,S,S,S,R,R,R,S,S,S,S,S,S
AR6082,R,S,S,S,S,S,R,R,S,S,S,S,S,S,S
AR6083,S,S,S,S,S,S,R,S,S,S,S,S,S,S,S
AR6084,R,S,S,S,S,R,R,S,S,S,S,S,S,S,S
AR6085,R,S,S,S,S,S,R,S,R,S,S,S,S,S,S
AR6086,R,S,S,S,S,S,R,S,R,S,S,S,S,S,S
AR6087,R,S,S,S,S,S,R,R,S,S,S,S,S,S,S
AR6088,R,S,S,S,S,R,R,R,S,S,S,S,I,S,S
AR6089,R,R,I,I,R,S,R,R,S,S,S,S,S,S,S
AR6090,R,S,S,S,R,S,R,R,R,S,S,S,S,S,S
AR6091,R,R,I,S,R,R,R,R,S,S,S,S,S,S,S
AR6092,S,S,S,S,S,S,R,S,R,S,S,S,S,S,S
AR6093,R,S,S,S,R,S,R,S,S,R,S,S,I,S,S
AR6094,R,R,I,I,R,S,R,R,R,S,S,S,S,S,R
AR6095,R,R,R,R,S,S,R,S,S,S,S,S,S,S,S
AR6096,S,S,S,S,S,S,R,S,S,R,S,S,S,S,S
AR6097,S,S,S,S,S,S,R,R,S,S,S,S,S,S,S
AR6098,R,S,S,S,R,S,R,S,R,R,S,S,S,S,R
AR6099,R,S,S,S,S,S,R,R,S,S,S,S,S,S,S
AR6100,R,S,S,S,S,R,R,S,S,S,S,S,S,S,S
AR6101,R,S,S,S,R,S,R,S,R,S,S,S,S,S,R
AR6102,R,S,S,S,S,S,R,R,S,S,S,S,I,S,S
AR6103,S,S,S,S,S,S,R,S,S,S,S,S,S,S,R
AR6104,R,S,S,S,R,S,R,S,R,S,S,S,S,S,R
AR6105,R,S,S,S,S,R,R,S,S,S,S,S,S,S,S
AR6106,R,S,S,S,S,S,R,R,S,S,S,S,S,S,S
AR6107,R,S,S,S,R,S,R,R,S,S,S,S,S,S,S
AR6108,R,S,S,S,S,S,R,R,S,S,S,S,S,S,S
AR6109,R,S,S,S,R,S,R,R,S,S,S,S,S,S,S
AR6110,R,S,S,S,S,S,R,R,S,S,S,S,S,S,S
AR6111,R,S,S,S,S,R,R,S,S,S,S,S,S,S,S
AR6112,R,S,S,S,R,S,S,R,S,S,S,S,S,S,S
AR6113,R,S,S,S,S,S,R,S,S,S,S,S,S,S,S
AR6114,R,S,S,S,S,S,R,R,S,S,S,S,S,S,S
AR6117,R,S,S,S,S,S,S,R,S,S,S,S,S,S,S
AR6118,R,R,R,I,S,R,R,R,R,S,S,S,S,S,S
AR6120,S,R,R,I,R,S,R,R,S,S,S,S,S,S,S
AR6121,R,R,R,I,S,S,S,R,S,S,S,S,S,S,S
AR6122,R,S,S,S,S,S,R,R,S,S,S,S,S,S,S
AR6124,R,R,R,I,S,S,R,R,S,S,S,S,S,S,S
AR6125,R,S,S,S,R,S,R,R,R,S,S,S,S,S,S
AR6126,S,S,S,S,S,S,S,S,S,S,S,S,S,S,S
AR6127,R,I,I,S,S,R,R,R,S,S,S,S,S,S,S
AR6129,R,R,R,I,S,S,R,R,S,S,S,S,S,S,S
AR6132,R,S,S,S,S,S,S,S,S,S,S,S,S,S,S
AR6133,R,S,S,S,S,S,S,S,S,S,S,S,S,S,S
AR6134,R,S,S,S,S,S,S,S,S,S,S,S,S,S,S
AR6135,S,S,S,S,S,R,R,R,S,S,S,S,S,S,S
AR6136,S,R,R,I,S,S,R,S,S,S,S,S,S,S,S
AR6139,R,S,S,S,S,S,R,R,S,S,S,S,S,S,S
AR6140,S,S,S,S,S,S,S,R,S,S,S,S,S,S,S
AR6141,R,S,S,S,R,S,R,R,S,S,S,S,S,S,S
AR6142,R,S,S,S,S,R,R,S,R,S,S,S,S,S,S
AR6143,R,S,S,S,R,S,R,S,S,S,S,S,S,S,S
AR6144,R,R,R,R,S,S,S,S,I,S,S,S,I,S,S
AR6146,R,R,R,I,S,R,R,S,S,S,S,S,I,S,S
AR6147,S,S,S,S,S,S,R,S,S,S,S,S,S,S,S
AR6148,R,S,S,S,S,S,R,S,S,S,S,S,S,S,S
AR6152,R,R,R,I,S,S,R,S,S,S,S,S,S,S,S
AR6153,R,R,R,R,R,S,R,S,R,S,S,S,I,S,S
AR6154,S,S,S,S,S,S,R,S,S,S,S,S,S,S,S
AR6155,R,S,S,S,R,R,R,S,I,S,S,S,S,S,S
AR6156,R,S,S,S,S,S,R,S,R,S,S,S,S,S,S
AR6159,R,S,S,S,S,S,R,S,S,S,S,S,S,S,S
AR6160,S,R,R,I,S,S,R,S,S,S,S,S,S,S,S
AR6161,R,S,S,S,S,R,R,S,R,S,S,S,I,S,S
AR6162,R,R,R,R,S,S,R,S,S,S,S,S,S,S,S
AR6163,R,S,S,S,S,S,S,S,S,S,S,S,S,S,S
AR6164,R,R,R,R,R,S,R,R,R,R,S,S,S,S,S
AR6165,R,R,R,S,S,S,R,S,S,S,S,S,S,S,S
AR6166,R,R,R,R,S,S,R,S,R,S,S,S,S,S,S
AR6167,R,S,S,S,R,R,R,S,S,S,S,S,S,S,S
AR6168,R,S,S,S,S,R,R,S,S,S,S,S,S,S,S
AR6169,S,S,S,S,S,S,R,S,S,S,S,S,S,S,S
AR6172,R,S,S,S,S,R,R,S,R,S,S,S,I,S,S
AR6174,R,S,S,S,R,S,R,S,R,S,S,S,S,S,R
AR6175,R,R,R,I,R,S,R,R,S,S,S,S,S,S,S
AR6176,R,R,R,R,R,S,R,R,R,S,S,S,I,S,S
AR6178,R,R,R,I,S,S,R,R,R,S,S,S,S,S,S
AR6179,R,S,S,S,S,S,S,S,S,S,S,S,S,S,S
AR6180,R,R,R,I,S,S,R,S,S,S,S,S,S,S,S
AR6181,R,R,R,I,S,S,R,S,R,S,S,S,I,S,S
AR6182,S,S,S,S,S,S,R,S,S,S,S,S,S,S,S
AR6183,R,S,S,S,S,S,R,R,S,S,S,S,S,S,S
AR6184,S,S,S,S,S,S,S,S,S,S,S,S,S,S,S
AR6186,R,S,S,S,S,S,S,S,S,S,S,S,S,S,S
AR6187,S,S,S,S,S,S,R,S,S,S,S,S,S,S,S
AR6189,R,S,S,S,S,R,S,S,S,S,S,S,S,S,S
AR6190,R,S,S,S,R,S,R,R,S,S,S,S,S,S,S
AR6191,S,S,S,S,S,S,R,R,S,S,S,S,S,S,S
AR6192,R,S,S,S,S,S,R,S,S,S,S,S,S,S,S
AR6193,S,S,S,S,R,S,R,S,S,S,S,S,S,S,S
AR6194,R,S,S,S,R,R,R,R,S,S,S,S,I,S,S
AR6196,R,I,S,S,S,S,R,R,S,S,S,S,I,S,S
AR6197,R,R,R,I,R,S,R,S,S,S,S,S,S,S,S
AR6198,R,I,S,S,S,S,S,R,S,S,S,S,S,S,S
AR6200,S,S,S,S,S,S,R,S,S,S,S,S,S,S,S
AR6201,R,R,R,I,S,S,R,S,R,S,S,S,I,S,S
AR6202,R,R,R,I,R,S,R,S,S,R,S,S,S,S,S
AR6203,R,I,S,S,R,S,R,S,S,S,S,S,S,S,S
AR6204,S,S,S,S,S,S,R,S,S,S,S,S,S,S,S
AR6206,R,R,R,R,S,S,R,S,R,S,S,S,S,S,S
AR6207,R,I,S,S,S,S,R,R,S,S,S,S,S,S,S
AR6208,S,S,S,S,S,S,R,S,S,S,S,S,S,S,S
AR6210,R,S,S,S,S,S,R,S,R,S,S,S,S,S,S
AR6211,S,S,S,S,S,S,R,S,S,S,S,S,S,S,S
AR6213,S,S,S,S,S,S,S,S,S,S,S,S,S,S,S
AR6214,R,S,S,S,S,S,R,S,R,S,S,S,I,S,S
AR6215,R,S,S,S,S,S,S,S,S,S,S,S,S,S,S
AR6218,R,S,S,S,S,S,S,R,S,S,S,S,S,S,S
AR6219,R,S,S,S,R,S,S,S,S,S,S,S,S,S,S
AR6220,S,S,S,S,S,S,R,S,S,S,S,S,S,S,S
AR6223,R,S,S,S,R,R,R,S,S,S,S,S,S,S,S
AR6224,R,I,S,S,R,R,R,S,S,S,S,S,S,S,S
AR6225,S,S,S,S,S,S,R,S,S,S,S,S,S,S,S
AR6226,R,R,R,I,S,S,R,S,S,S,S,S,S,S,S
AR6227,R,S,S,S,S,S,S,S,S,S,S,S,S,S,S
AR6228,R,R,R,I,S,R,R,S,S,S,S,S,I,S,S
AR6229,R,R,R,I,R,S,R,S,R,S,S,S,I,S,S
AR6231,R,S,S,S,S,S,R,R,S,S,S,S,I,S,S
AR6234,S,S,S,S,S,S,R,S,S,S,S,S,S,S,S
AR6237,R,S,S,S,S,S,R,S,I,S,S,S,S,S,S
AR6239,R,S,S,S,S,S,S,R,S,S,S,S,S,S,S
AR6240,R,S,S,S,S,S,S,S,S,S,S,S,S,S,S
AR6242,S,S,S,S,S,S,R,S,S,S,S,S,S,S,S
AR6243,R,S,S,S,S,S,S,S,S,S,S,S,S,S,S
AR6245,R,R,R,S,R,S,R,S,R,S,S,S,S,S,S
AR6246,R,S,S,S,S,S,R,S,S,S,S,S,S,S,S
AR6247,R,S,S,S,S,R,R,S,S,S,S,S,I,S,S
AR6249,S,I,I,S,R,S,R,S,S,S,S,S,S,S,S
AR6250,R,R,R,I,R,S,S,S,S,S,S,S,S,S,S
AR6251,S,S,S,S,S,S,R,S,S,S,S,S,S,S,S
AR6252,R,S,S,S,R,R,R,S,I,S,S,S,S,S,S
AR6260,R,S,S,S,S,S,R,R,S,S,S,S,S,S,S
AR4074,R,S,S,S,S,S,R,S,S,S,S,S,S,S,S
